{"enthusiasm":0.0952381,"feedness":0.42857143,"sway":0.0,"follow_churn":0.1724138,"fo_trstrank":0.063739955,"followers":25,"outflux":0.0071564885,"created_at":20090729160235,"interesting":0.0,"chattiness":0.14285715,"user_id":61228526,"follow_rate":0.0055343513,"screen_name":"rockymeza","at_trstrank":0.0,"influx":1.6534351}
